id,Description,Brand,Category,Price,ImageURL
1,"Women Running Shoes","Nike","Footwear",79.99,"https://encrypted-tbn2.gstatic.com/shopping?q=tbn:ANd9GcRSqQQ_E3rb9JmiF_8NvKKdGBVfipewlcqk2KLR4wlbp0tHfqnTeHKLQrwzjbmBJHq1akSB8yxJrRT9jJGhRhojqR3yNWuOLiDyyV2xyoJXIVRlACCdiM3qpUBG_rIEehQzqLltLk0&usqp=CAc"
2,"Women Training Shoes","Adidas","Footwear",89.99,"https://encrypted-tbn3.gstatic.com/shopping?q=tbn:ANd9GcR75FChov0cMfS0OgDLzzO7W5iCrX05Hp67cOSky-47cvplT2JBgMCnzdMDf1DeDZ5vR27BjtzNzoiuVrYu7fEUYYSYhxKwxhn69n6NYNxtyHj-UQ0ttKxMIA&usqp=CAE"
3,"Yoga Mat","Liforme","Fitness Equipment",45.00,"https://imgdownload4.zode.sa/da/s750x750_jfsksalydpro-000-com/t1/1023221629551/2024/081305372716835949/385501/66bac6e7Ef63fa874/001755cb5589f07e.png"
4,"Adjustable Dumbbells","Bowflex","Fitness Equipment",299.99,"https://encrypted-tbn0.gstatic.com/shopping?q=tbn:ANd9GcR5FRvqr2n4tb853Hg7S5rM2HJL09CsvyWLrNr6L0h9f9Y66s20w0sNn78i866k8phkZybvDlo7yq0uKNYtnRCc7PJ-XfieFnvsBZBFoMVMraaPlz4LVz4c&usqp=CAE"
5,"Dumbbells","Bowflex","Fitness Equipment",29.99,"https://encrypted-tbn2.gstatic.com/shopping?q=tbn:ANd9GcSXR78S8QplErLC0MINcYX0H6Zts8avLXnyETC8gVONDANm2v1R_DHbLEKHCK_Kd5mwF31a1Z6IuasDXuFwN6YNtkaX1BXkBAV8X55e8UON&usqp=CAE"
6,"Running Shorts","Nike","Apparel",34.99,"https://encrypted-tbn2.gstatic.com/shopping?q=tbn:ANd9GcS_IWgBG3TLK4yt7qHN0dI89DrQhvpLBS1e7E2ocO7P5MBzKehO5nnZqQnRh5U4zB41K4RzkxdlzzSWJ3CPfuxD3ogpJbGuhujJcrhzSU9iIv2DAkgvmxpn&usqp=CAE"
7,"Resistance Bands Set","Fit Simplify","Fitness Equipment",25.99,"https://encrypted-tbn2.gstatic.com/shopping?q=tbn:ANd9GcTLqKzoOfwGk6FAlsNW7hTE8rE9mkbvwH7yX8Z2O6WiSKWgHxOKT6x6Nzl-SOyo1UOiwryX-rNIH4KnU4h1dz--up-bcNVBqfeECku7zziRxlpO2Pq4xhP2Pw&usqp=CAE"
8,"Fitness Tracker Watch","Fitbit","Accessories",159.99,"https://encrypted-tbn1.gstatic.com/shopping?q=tbn:ANd9GcRPHZgxGmIa52TfXSxjX9vhVTe5s1nQ54yCmsvVXndH45T4TZGVYAWlYSEIkTU8DrgdQjOt0115OIQBO_T8ksW2lfFp1roDcdsGjoEaK0vgKvlkfE08UVVTNA&usqp=CAE"
9,"Women Shirt","Under Armour","Apparel",49.99,"https://encrypted-tbn0.gstatic.com/shopping?q=tbn:ANd9GcRvmSIZB53LV2LJ88AD5-unRqkTi9rztDp0Ifn0x3sv0DW4BNk0Ey0myQr_lM2lUx0MVur4ErPvuWvqkfIAnDSSN_BoTjQJOqE8guzscpYGYYdQQGS4kTWo&usqp=CAE"
10,"Exercise Bike","Schwinn","Fitness Equipment",399.99,"https://encrypted-tbn2.gstatic.com/shopping?q=tbn:ANd9GcRqSinNP3QrLZocb5COZ2uF5voVLH-FYjzOEhiT7nncTR6ZhcOnbjkZQM8z1x1-aCr-tRB10wyPsdz6LuQXx84rhYQ_Zzfea06ZGuuwzRyfoQmWSfw68t5rSi4&usqp=CAE"